tutor_id,nombre_tutor,correo_institucional,telefono_extension,academia,estatus
TUT001,Dr. Beatriz Torres Cervantes,drbeatriztorre@cbtis134.edu.mx,102,Inglés,interino
TUT002,Mtra. Verónica Reyes Torres,mtravernicarey@cbtis134.edu.mx,106,Orientación,Activo 
TUT003,Dra. Arturo Campos Martínez,draarturocampo@cbtis134.edu.mx,204,Administración,Licencia
TUT004,Q.B.P. Adriana López Campos,qbpadrianalpez@cbtis134.edu.mx,104,Administración,Licencia
TUT005,Q.B.P. Nora García Ríos,qbpnoragarcaro@cbtis134.edu.mx,105,Contabilidad,Activo 
TUT006,Dr. Patricia Cervantes Salgado,drpatriciacerv@cbtis134.edu.mx,204,Contabilidad,Activo
TUT007,Lic. Alejandro Hernández García,licalejandrohe@cbtis134.edu.mx,103,Tutorías,Activo
TUT008,Ing. Óscar Mendoza Torres,ingscarmendoza@cbtis134.edu.mx,102,Matemáticas,ACTIVO
TUT009,Lic. Sonia García Flores,licsoniagarcaf@cbtis134.edu.mx,103,Química,Licencia
TUT010,Dra. Alejandro Castro Ramírez,draalejandroca@cbtis134.edu.mx,203,Matemáticas,Activo
TUT011,Dra. Cruz Reyes Molina,dracruzreyesmo@cbtis134.edu.mx,203,Programación,Actlvo
TUT012,Lic. Patricia Hernández García,licpatriciaher@cbtis134.edu.mx,103,Química,ACTIVO
TUT013,Mtro. Esteban Castro García,mtroestebancas@cbtis134.edu.mx,106,Matemáticas,interino
TUT014,Q.B.P. Raúl Hernández Castro,qbpralhernndez@cbtis134.edu.mx,106,Química,Activo 
TUT015,Mtra. Miriam López Ponce,mtramiriamlpez@cbtis134.edu.mx,202,Humanidades,interino
TUT016,Ing. Diana Vargas Ríos,ingdianavargas@cbtis134.edu.mx,202,Humanidades,ACTIVO
TUT017,Lic. Alejandro Ríos García,licalejandroro@cbtis134.edu.mx,103,Tutorías,Activo
TUT018,Ing. Esteban Beltrán Ponce,ingestebanbelt@cbtis134.edu.mx,104,Inglés,Licencia
TUT019,Mtra. Miriam Nava Flores,mtramiriamnava@cbtis134.edu.mx,203,Tutorías,interino
TUT020,Mtro. Juan Ramírez Ponce,mtrojuanramrez@cbtis134.edu.mx,201,Química,ACTIVO
TUT021,Dr. Beatriz Martínez Hernández,drbeatrizmartn@cbtis134.edu.mx,202,Matemáticas,Actlvo
TUT022,Mtro. Nora Campos López,mtronoracampos@cbtis134.edu.mx,101,Construcción,Activo 
TUT023,Ing. Alejandro Flores Flores,ingalejandrofl@cbtis134.edu.mx,201,Inglés,Actlvo
TUT024,Mtro. Rubén Castro Castro,mtrorubncastro@cbtis134.edu.mx,104,Orientación,Activo
TUT025,Ing. Alejandro Molina Martínez,ingalejandromo@cbtis134.edu.mx,204,Contabilidad,Activo
TUT026,Dr. Diana López Flores,drdianalpezflo@cbtis134.edu.mx,104,Inglés,Activo
TUT027,Lic. Cruz Hernández López,liccruzhernnde@cbtis134.edu.mx,105,Orientación,Activo
TUT028,Mtro. Alejandro Martínez Mendoza,mtroalejandrom@cbtis134.edu.mx,104,Humanidades,ACTIVO
TUT029,Dr. Óscar Martínez Torres,drscarmartnezt@cbtis134.edu.mx,204,Inglés,Activo 
TUT030,Mtro. Gabriela Ramírez Ríos,mtrogabrielara@cbtis134.edu.mx,105,Orientación,ACTIVO
TUT031,Lic. Rosa Martínez Campos,licrosamartnez@cbtis134.edu.mx,202,Tutorías,ACTIVO
TUT032,Mtro. Celia Beltrán Ríos,mtroceliabeltr@cbtis134.edu.mx,204,Construcción,ACTIVO
TUT033,Mtro. Rubén Hernández Torres,mtrorubnhernnd@cbtis134.edu.mx,202,Programación,Actlvo
TUT034,Mtro. Arturo Ponce Vargas,mtroarturoponc@cbtis134.edu.mx,204,Matemáticas,interino
TUT035,Mtra. Alejandro Cervantes Martínez,mtraalejandroc@cbtis134.edu.mx,106,Tutorías,Actlvo
TUT036,Q.B.P. Rubén Reyes Campos,qbprubnreyesca@cbtis134.edu.mx,106,Construcción,Activo 
TUT037,Dra. Esteban García López,draestebangarc@cbtis134.edu.mx,101,Química,Activo
TUT038,Lic. Diana López Reyes,licdianalpezre@cbtis134.edu.mx,204,Orientación,ACTIVO
TUT039,Q.B.P. Miriam Hernández Ríos,qbpmiriamhernn@cbtis134.edu.mx,102,Administración,Activo 
TUT040,Mtro. Gabriela Ríos López,mtrogabrielaro@cbtis134.edu.mx,202,Programación,Licencia
TUT041,Lic. Verónica Castro Reyes,licvernicacast@cbtis134.edu.mx,106,Programación,Activo 
TUT042,Lic. Esteban Martínez Beltrán,licestebanmart@cbtis134.edu.mx,201,Administración,Activo 
TUT043,Dra. Verónica Salgado Molina,dravernicasalg@cbtis134.edu.mx,203,Humanidades,Licencia
TUT044,Mtra. Rubén Torres Beltrán,mtrarubntorres@cbtis134.edu.mx,103,Tutorías,Activo 
TUT045,Mtra. Raúl Campos Flores,mtraralcamposf@cbtis134.edu.mx,204,Programación,Actlvo
TUT046,Q.B.P. Miriam Vargas Molina,qbpmiriamvarga@cbtis134.edu.mx,104,Inglés,ACTIVO
TUT047,Mtra. Patricia Reyes Martínez,mtrapatriciare@cbtis134.edu.mx,106,Inglés,Actlvo
TUT048,Lic. Laura Salgado Mendoza,liclaurasalgad@cbtis134.edu.mx,103,Programación,interino
TUT049,Mtra. Sonia Salgado Torres,mtrasoniasalga@cbtis134.edu.mx,202,Matemáticas,Activo 
TUT050,Dr. Patricia Torres Campos,drpatriciatorr@cbtis134.edu.mx,201,Orientación,Activo 
TUT051,Lic. Gabriela Castro Martínez,licgabrielacas@cbtis134.edu.mx,104,Química,Activo 
TUT052,Ing. Verónica Martínez Beltrán,ingvernicamart@cbtis134.edu.mx,201,Inglés,Activo 
TUT053,Mtra. Raúl Castro Beltrán,mtraralcastrob@cbtis134.edu.mx,204,Química,Activo 
TUT054,Q.B.P. Rosa Reyes Vargas,qbprosareyesva@cbtis134.edu.mx,205,Humanidades,ACTIVO
TUT055,Mtro. Sonia Beltrán Mendoza,mtrosoniabeltr@cbtis134.edu.mx,201,Matemáticas,interino
TUT056,Mtro. Arturo Flores Martínez,mtroarturoflor@cbtis134.edu.mx,106,Química,Activo
